comment_content,comment_date_time,comment_author_id,post_id
"Great list! I think Python is definitely the way to go for beginners.",1678538400,1,1
"Agreed, but don't underestimate the power of Rust in the future!",1678542000,2,1
"I've recently bought an electric car, and the improvements in battery life are impressive!",1678550400,3,2
"The potential for AI in healthcare is immense, especially in diagnostics.",1678564800,4,3
"I personally prefer AR as it allows for more interaction with the real world.",1678579200,5,4
"Blockchain technology could have a huge impact on supply chain management.",1678593600,1,5
"Quantum computing is still in its infancy, but it's exciting to think about the possibilities.",1678608000,2,6
"My favorite productivity app is Trello. It's a lifesaver for project management!",1678622400,3,7
"IoT devices are making cities smarter and more efficient, which is great for sustainability.",1678636800,4,8
"5G technology has really improved my mobile gaming experience.",1678651200,5,9
"It's important to invest in upskilling and continuous learning to stay competitive in the job market.",1678665600,1,10
"Data privacy is a major concern, but implementing strong encryption methods can help protect sensitive information.",1678674400,2,11
"Serverless computing is a cloud computing trend I'm particularly excited about.",1678693200,3,12
"Using strong, unique passwords and enabling two-factor authentication are essential cybersecurity measures.",1678707600,4,13
"Robotic automation has the potential to increase efficiency and productivity across industries.",1678722000,5,14
"VR gaming has come a long way, and I'm excited for what's next in the industry.",1678736400,1,15
"Bioinformatics is revolutionizing personalized medicine and our understanding of genetic diseases.",1678750800,2,16
"For those new to machine learning, Python is a great language to start with.",1678765200,3,17
"Drone technology has so much potential, from delivering packages to monitoring wildlife.",1678779600,4,18
"One important ethical consideration for AI is ensuring it's developed and used without bias.",1678794000,5,19
