post_title,post_content,post_date_time,post_author_id
Top 5 Programming Languages,"Here's our list of the top 5 programming languages to learn in 2023...",1678531200,3
The Future of Electric Cars,"Electric cars are the future, and this article covers the latest advancements in electric vehicle technology...",1678545600,2
AI in Healthcare: Pros and Cons,"Artificial Intelligence (AI) is revolutionizing the healthcare industry, but it also has its drawbacks. Let's explore the pros and cons...",1678560000,5
AR vs VR: What's the Difference?,"Augmented Reality (AR) and Virtual Reality (VR) are both exciting technologies, but what are the key differences between them?...",1678574400,4
Blockchain Explained: A Comprehensive Guide,"In this guide, we'll dive deep into the world of blockchain technology and its various applications...",1678588800,1
The Rise of Quantum Computing,"Quantum computing is a game-changer, offering vast improvements in computational power. Learn about the latest developments in the field...",1678603200,3
10 Best Mobile Apps for Productivity,"Boost your productivity with these top 10 mobile apps that help you stay organized and efficient...",1678617600,2
The Role of IoT in Smart Cities,"Explore the fascinating world of IoT and how it's shaping the future of smart cities around the globe...",1678632000,5
5G Technology: What to Expect,"5G is here, and it's transforming the way we live, work, and play. Find out what you can expect from this groundbreaking technology...",1678646400,4
The Impact of AI on the Job Market,"As AI continues to advance, its impact on the job market is becoming more significant. Learn about the implications and how to prepare for the future...",1678660800,1
Big Data and Privacy Concerns,"Big data is revolutionizing many industries, but it also raises privacy concerns. Let's discuss the challenges and potential solutions...",1678675200,3
Cloud Computing Trends in 2023,"Cloud computing continues to evolve at a rapid pace. Discover the latest trends and what's on the horizon for this transformative technology...",1678689600,2
Cybersecurity Best Practices,"In today's digital age, cybersecurity is more important than ever. Learn the best practices to keep your data and devices safe...",1678704000,5
The Future of Robotics,"As robotics technology advances, it's poised to reshape countless industries. Explore the future of robotics and its potential impact on our world...",1678718400,4
How VR is Changing the Gaming Industry,"Virtual reality (VR) is revolutionizing the gaming industry. Learn about the latest innovations and what the future may hold...",1678732800,1
Advancements in Bioinformatics,"Bioinformatics is an interdisciplinary field that combines biology, computer science, and data analysis. Discover the latest advancements and their potential impact on healthcare...",1678747200,3
Machine Learning for Beginners,"Are you new to machine learning? Here's a beginner's guide to help you get started with this powerful technology...",1678761600,2
The Evolution of Drones,"Drones have come a long way since their inception. Learn about the evolution of drones and their various applications today...",1678776000,5
The Ethics of Artificial Intelligence,"As AI becomes more integrated into our daily lives, ethical considerations become increasingly important. Explore the ethical implications of AI and how we can address them...",1678790400,4
Nanotechnology: The Next Frontier,"Nanotechnology is a rapidly growing field with the potential to revolutionize various industries. Discover the latest breakthroughs and what the future may hold...",1678804800,1